{
    "Mexico": {
        "R32": 92.17,
        "R16": 60.01,
        "QF": 27.52,
        "SF": 13.3,
        "Final": 6.12,
        "Champion": 2.88
    },
    "South Africa": {
        "R32": 51.77,
        "R16": 16.400000000000002,
        "QF": 4.16,
        "SF": 0.88,
        "Final": 0.22,
        "Champion": 0.08
    },
    "South Korea": {
        "R32": 81.35,
        "R16": 43.64,
        "QF": 16.650000000000002,
        "SF": 6.35,
        "Final": 2.48,
        "Champion": 0.9299999999999999
    },
    "Czechia": {
        "R32": 55.7,
        "R16": 20.94,
        "QF": 6.47,
        "SF": 1.97,
        "Final": 0.66,
        "Champion": 0.18
    },
    "Canada": {
        "R32": 86.35000000000001,
        "R16": 40.78,
        "QF": 15.870000000000001,
        "SF": 5.09,
        "Final": 1.6500000000000001,
        "Champion": 0.43
    },
    "Bosnia and Herzegovina": {
        "R32": 51.559999999999995,
        "R16": 13.120000000000001,
        "QF": 2.9899999999999998,
        "SF": 0.47000000000000003,
        "Final": 0.08,
        "Champion": 0.0
    },
    "Qatar": {
        "R32": 55.65,
        "R16": 16.91,
        "QF": 4.73,
        "SF": 0.8,
        "Final": 0.16999999999999998,
        "Champion": 0.03
    },
    "Switzerland": {
        "R32": 87.19,
        "R16": 49.84,
        "QF": 23.25,
        "SF": 9.67,
        "Final": 4.18,
        "Champion": 1.66
    },
    "Brazil": {
        "R32": 93.21000000000001,
        "R16": 54.379999999999995,
        "QF": 34.22,
        "SF": 18.57,
        "Final": 10.01,
        "Champion": 5.25
    },
    "Morocco": {
        "R32": 93.66,
        "R16": 53.75,
        "QF": 35.11,
        "SF": 18.77,
        "Final": 10.100000000000001,
        "Champion": 5.3
    },
    "Haiti": {
        "R32": 27.68,
        "R16": 3.25,
        "QF": 0.33999999999999997,
        "SF": 0.04,
        "Final": 0.0,
        "Champion": 0.0
    },
    "Scotland": {
        "R32": 63.53,
        "R16": 17.37,
        "QF": 5.94,
        "SF": 1.94,
        "Final": 0.88,
        "Champion": 0.2
    },
    "USA": {
        "R32": 83.93,
        "R16": 51.959999999999994,
        "QF": 27.26,
        "SF": 11.83,
        "Final": 4.95,
        "Champion": 2.12
    },
    "Paraguay": {
        "R32": 57.67,
        "R16": 23.07,
        "QF": 7.75,
        "SF": 2.45,
        "Final": 0.5599999999999999,
        "Champion": 0.13
    },
    "Australia": {
        "R32": 68.28999999999999,
        "R16": 33.410000000000004,
        "QF": 14.2,
        "SF": 5.57,
        "Final": 1.7000000000000002,
        "Champion": 0.61
    },
    "Turkey": {
        "R32": 69.39,
        "R16": 35.839999999999996,
        "QF": 15.920000000000002,
        "SF": 6.619999999999999,
        "Final": 2.54,
        "Champion": 1.11
    },
    "Germany": {
        "R32": 95.65,
        "R16": 68.88,
        "QF": 37.230000000000004,
        "SF": 20.78,
        "Final": 11.559999999999999,
        "Champion": 5.76
    },
    "Cura\u00e7ao": {
        "R32": 29.68,
        "R16": 5.3100000000000005,
        "QF": 0.91,
        "SF": 0.16,
        "Final": 0.03,
        "Champion": 0.01
    },
    "Ivory Coast": {
        "R32": 71.35000000000001,
        "R16": 30.06,
        "QF": 10.5,
        "SF": 3.7900000000000005,
        "Final": 1.25,
        "Champion": 0.41000000000000003
    },
    "Ecuador": {
        "R32": 78.25999999999999,
        "R16": 37.51,
        "QF": 15.340000000000002,
        "SF": 5.91,
        "Final": 2.27,
        "Champion": 0.7799999999999999
    },
    "Netherlands": {
        "R32": 90.47,
        "R16": 53.449999999999996,
        "QF": 35.0,
        "SF": 19.24,
        "Final": 10.91,
        "Champion": 5.81
    },
    "Japan": {
        "R32": 81.23,
        "R16": 36.66,
        "QF": 19.259999999999998,
        "SF": 7.8,
        "Final": 3.6799999999999997,
        "Champion": 1.35
    },
    "Sweden": {
        "R32": 57.21000000000001,
        "R16": 18.78,
        "QF": 6.529999999999999,
        "SF": 1.63,
        "Final": 0.61,
        "Champion": 0.15
    },
    "Tunisia": {
        "R32": 42.730000000000004,
        "R16": 12.620000000000001,
        "QF": 3.92,
        "SF": 1.2,
        "Final": 0.32,
        "Champion": 0.03
    },
    "Belgium": {
        "R32": 91.44,
        "R16": 62.51,
        "QF": 37.830000000000005,
        "SF": 19.64,
        "Final": 9.29,
        "Champion": 4.61
    },
    "Egypt": {
        "R32": 78.14999999999999,
        "R16": 37.88,
        "QF": 14.89,
        "SF": 4.9,
        "Final": 1.52,
        "Champion": 0.45999999999999996
    },
    "Iran": {
        "R32": 84.19,
        "R16": 45.79,
        "QF": 20.419999999999998,
        "SF": 8.3,
        "Final": 2.94,
        "Champion": 1.05
    },
    "New Zealand": {
        "R32": 17.1,
        "R16": 2.92,
        "QF": 0.5599999999999999,
        "SF": 0.08,
        "Final": 0.01,
        "Champion": 0.0
    },
    "Spain": {
        "R32": 96.11,
        "R16": 64.81,
        "QF": 42.05,
        "SF": 29.18,
        "Final": 17.2,
        "Champion": 10.43
    },
    "Cape Verde": {
        "R32": 43.84,
        "R16": 7.91,
        "QF": 1.83,
        "SF": 0.29,
        "Final": 0.04,
        "Champion": 0.02
    },
    "Saudi Arabia": {
        "R32": 39.89,
        "R16": 7.84,
        "QF": 2.07,
        "SF": 0.45999999999999996,
        "Final": 0.12,
        "Champion": 0.02
    },
    "Uruguay": {
        "R32": 80.12,
        "R16": 38.019999999999996,
        "QF": 19.05,
        "SF": 9.04,
        "Final": 3.8,
        "Champion": 1.51
    },
    "France": {
        "R32": 91.79,
        "R16": 68.34,
        "QF": 44.25,
        "SF": 29.68,
        "Final": 19.36,
        "Champion": 12.11
    },
    "Senegal": {
        "R32": 83.56,
        "R16": 49.980000000000004,
        "QF": 24.88,
        "SF": 12.45,
        "Final": 5.96,
        "Champion": 2.4
    },
    "Iraq": {
        "R32": 31.230000000000004,
        "R16": 8.35,
        "QF": 2.09,
        "SF": 0.42,
        "Final": 0.08,
        "Champion": 0.0
    },
    "Norway": {
        "R32": 50.57000000000001,
        "R16": 21.19,
        "QF": 8.16,
        "SF": 3.15,
        "Final": 1.34,
        "Champion": 0.41000000000000003
    },
    "Argentina": {
        "R32": 91.35,
        "R16": 59.36,
        "QF": 38.98,
        "SF": 25.53,
        "Final": 14.719999999999999,
        "Champion": 8.24
    },
    "Algeria": {
        "R32": 68.89999999999999,
        "R16": 25.64,
        "QF": 10.59,
        "SF": 4.33,
        "Final": 1.39,
        "Champion": 0.51
    },
    "Austria": {
        "R32": 72.18,
        "R16": 28.610000000000003,
        "QF": 11.799999999999999,
        "SF": 5.220000000000001,
        "Final": 2.01,
        "Champion": 0.72
    },
    "Jordan": {
        "R32": 22.37,
        "R16": 4.1000000000000005,
        "QF": 0.83,
        "SF": 0.22,
        "Final": 0.06999999999999999,
        "Champion": 0.02
    },
    "Portugal": {
        "R32": 86.50999999999999,
        "R16": 57.54,
        "QF": 34.79,
        "SF": 20.39,
        "Final": 10.91,
        "Champion": 5.62
    },
    "DR Congo": {
        "R32": 46.02,
        "R16": 14.31,
        "QF": 4.0,
        "SF": 1.08,
        "Final": 0.25,
        "Champion": 0.08
    },
    "Uzbekistan": {
        "R32": 35.67,
        "R16": 9.959999999999999,
        "QF": 2.78,
        "SF": 0.9199999999999999,
        "Final": 0.32,
        "Champion": 0.09
    },
    "Colombia": {
        "R32": 79.84,
        "R16": 45.269999999999996,
        "QF": 25.03,
        "SF": 13.13,
        "Final": 6.15,
        "Champion": 2.75
    },
    "England": {
        "R32": 92.80000000000001,
        "R16": 67.36,
        "QF": 44.940000000000005,
        "SF": 27.950000000000003,
        "Final": 16.72,
        "Champion": 9.700000000000001
    },
    "Croatia": {
        "R32": 83.24000000000001,