{
    "Mexico": {
        "R32": 91.79,
        "R16": 60.089999999999996,
        "QF": 27.689999999999998,
        "SF": 12.72,
        "Final": 5.72,
        "Champion": 2.29
    },
    "South Africa": {
        "R32": 50.01,
        "R16": 15.09,
        "QF": 3.95,
        "SF": 0.79,
        "Final": 0.13999999999999999,
        "Champion": 0.05
    },
    "South Korea": {
        "R32": 79.14,
        "R16": 41.03,
        "QF": 15.97,
        "SF": 5.65,
        "Final": 2.2399999999999998,
        "Champion": 0.75
    },
    "Czechia": {
        "R32": 61.019999999999996,
        "R16": 23.66,
        "QF": 7.430000000000001,
        "SF": 2.17,
        "Final": 0.61,
        "Champion": 0.18
    },
    "Canada": {
        "R32": 85.79,
        "R16": 41.24,
        "QF": 16.86,
        "SF": 5.57,
        "Final": 1.69,
        "Champion": 0.48
    },
    "Bosnia and Herzegovina": {
        "R32": 48.79,
        "R16": 11.68,
        "QF": 2.82,
        "SF": 0.48,
        "Final": 0.1,
        "Champion": 0.01
    },
    "Qatar": {
        "R32": 58.14,
        "R16": 17.73,
        "QF": 4.84,
        "SF": 0.86,
        "Final": 0.13999999999999999,
        "Champion": 0.03
    },
    "Switzerland": {
        "R32": 87.83999999999999,
        "R16": 49.5,
        "QF": 22.66,
        "SF": 8.93,
        "Final": 3.71,
        "Champion": 1.44
    },
    "Brazil": {
        "R32": 94.73,
        "R16": 56.07,
        "QF": 35.55,
        "SF": 20.16,
        "Final": 11.76,
        "Champion": 5.94
    },
    "Morocco": {
        "R32": 94.03,
        "R16": 53.49,
        "QF": 34.19,
        "SF": 18.6,
        "Final": 10.780000000000001,
        "Champion": 5.42
    },
    "Haiti": {
        "R32": 23.73,
        "R16": 2.45,
        "QF": 0.33,
        "SF": 0.05,
        "Final": 0.01,
        "Champion": 0.0
    },
    "Scotland": {
        "R32": 65.68,
        "R16": 17.549999999999997,
        "QF": 6.36,
        "SF": 1.79,
        "Final": 0.5499999999999999,
        "Champion": 0.18
    },
    "USA": {
        "R32": 84.61999999999999,
        "R16": 53.669999999999995,
        "QF": 26.939999999999998,
        "SF": 11.940000000000001,
        "Final": 4.8500000000000005,
        "Champion": 1.95
    },
    "Paraguay": {
        "R32": 55.63,
        "R16": 21.61,
        "QF": 6.97,
        "SF": 1.8900000000000001,
        "Final": 0.54,
        "Champion": 0.18
    },
    "Australia": {
        "R32": 68.8,
        "R16": 33.629999999999995,
        "QF": 13.919999999999998,
        "SF": 5.4,
        "Final": 2.03,
        "Champion": 0.7100000000000001
    },
    "Turkey": {
        "R32": 69.69999999999999,
        "R16": 35.39,
        "QF": 15.079999999999998,
        "SF": 6.08,
        "Final": 1.9300000000000002,
        "Champion": 0.69
    },
    "Germany": {
        "R32": 94.6,
        "R16": 67.81,
        "QF": 36.75,
        "SF": 20.630000000000003,
        "Final": 11.17,
        "Champion": 5.93
    },
    "Cura\u00e7ao": {
        "R32": 27.700000000000003,
        "R16": 4.569999999999999,
        "QF": 0.7100000000000001,
        "SF": 0.09,
        "Final": 0.01,
        "Champion": 0.0
    },
    "Ivory Coast": {
        "R32": 72.85000000000001,
        "R16": 29.64,
        "QF": 10.299999999999999,
        "SF": 3.75,
        "Final": 1.3299999999999998,
        "Champion": 0.47000000000000003
    },
    "Ecuador": {
        "R32": 80.08,
        "R16": 39.93,
        "QF": 15.620000000000001,
        "SF": 6.34,
        "Final": 2.36,
        "Champion": 0.76
    },
    "Netherlands": {
        "R32": 91.44,
        "R16": 53.38,
        "QF": 35.64,
        "SF": 19.0,
        "Final": 11.57,
        "Champion": 6.3
    },
    "Japan": {
        "R32": 79.63,
        "R16": 33.650000000000006,
        "QF": 17.11,
        "SF": 7.28,
        "Final": 3.01,
        "Champion": 1.1400000000000001
    },
    "Sweden": {
        "R32": 56.769999999999996,
        "R16": 19.61,
        "QF": 6.909999999999999,
        "SF": 2.12,
        "Final": 0.7000000000000001,
        "Champion": 0.2
    },
    "Tunisia": {
        "R32": 42.66,
        "R16": 13.44,
        "QF": 4.12,
        "SF": 1.13,
        "Final": 0.27,
        "Champion": 0.06999999999999999
    },
    "Belgium": {
        "R32": 91.38,
        "R16": 62.339999999999996,
        "QF": 36.66,
        "SF": 17.69,
        "Final": 7.8,
        "Champion": 3.8
    },
    "Egypt": {
        "R32": 80.75,
        "R16": 40.02,
        "QF": 16.17,
        "SF": 6.09,
        "Final": 2.09,
        "Champion": 0.67
    },
    "Iran": {
        "R32": 83.99,
        "R16": 44.91,
        "QF": 18.82,
        "SF": 7.580000000000001,
        "Final": 2.63,
        "Champion": 1.03
    },
    "New Zealand": {
        "R32": 15.39,
        "R16": 2.5,
        "QF": 0.38,
        "SF": 0.04,
        "Final": 0.0,
        "Champion": 0.0
    },
    "Spain": {
        "R32": 95.67999999999999,
        "R16": 65.34,
        "QF": 43.93,
        "SF": 31.22,
        "Final": 18.65,
        "Champion": 11.49
    },
    "Cape Verde": {
        "R32": 43.480000000000004,
        "R16": 7.249999999999999,
        "QF": 1.7000000000000002,
        "SF": 0.35000000000000003,
        "Final": 0.06999999999999999,
        "Champion": 0.0
    },
    "Saudi Arabia": {
        "R32": 40.08,
        "R16": 7.51,
        "QF": 1.92,
        "SF": 0.43,
        "Final": 0.06,
        "Champion": 0.0
    },
    "Uruguay": {
        "R32": 79.36,
        "R16": 37.230000000000004,
        "QF": 19.57,
        "SF": 9.06,
        "Final": 3.64,
        "Champion": 1.16
    },
    "France": {
        "R32": 92.49000000000001,
        "R16": 70.82000000000001,
        "QF": 46.22,
        "SF": 32.74,
        "Final": 22.58,
        "Champion": 15.299999999999999
    },
    "Senegal": {
        "R32": 82.6,
        "R16": 48.51,
        "QF": 22.97,
        "SF": 11.25,
        "Final": 5.1499999999999995,
        "Champion": 2.18
    },
    "Iraq": {
        "R32": 28.27,
        "R16": 7.31,
        "QF": 1.54,
        "SF": 0.27,
        "Final": 0.05,
        "Champion": 0.01
    },
    "Norway": {
        "R32": 53.71,
        "R16": 22.93,
        "QF": 9.049999999999999,
        "SF": 3.5700000000000003,
        "Final": 1.46,
        "Champion": 0.54
    },
    "Argentina": {
        "R32": 91.64999999999999,
        "R16": 59.599999999999994,
        "QF": 41.0,
        "SF": 28.02,
        "Final": 15.52,
        "Champion": 8.34
    },
    "Algeria": {
        "R32": 69.21000000000001,
        "R16": 26.51,
        "QF": 10.93,
        "SF": 4.42,
        "Final": 1.44,
        "Champion": 0.42
    },
    "Austria": {
        "R32": 72.39999999999999,
        "R16": 27.939999999999998,
        "QF": 12.55,
        "SF": 5.27,
        "Final": 1.66,
        "Champion": 0.44
    },
    "Jordan": {
        "R32": 21.73,
        "R16": 4.03,
        "QF": 0.86,
        "SF": 0.16,
        "Final": 0.04,
        "Champion": 0.01
    },
    "Portugal": {
        "R32": 89.81,
        "R16": 61.67,
        "QF": 37.89,
        "SF": 21.12,
        "Final": 11.21,
        "Champion": 5.27
    },
    "DR Congo": {
        "R32": 48.47,
        "R16": 15.09,
        "QF": 4.44,
        "SF": 1.3299999999999998,
        "Final": 0.31,
        "Champion": 0.08
    },
    "Uzbekistan": {
        "R32": 35.620000000000005,
        "R16": 10.34,
        "QF": 3.06,
        "SF": 0.8200000000000001,
        "Final": 0.16999999999999998,
        "Champion": 0.03
    },
    "Colombia": {
        "R32": 73.27,
        "R16": 40.44,
        "QF": 21.11,
        "SF": 10.69,
        "Final": 4.82,
        "Champion": 2.1399999999999997
    },
    "England": {
        "R32": 90.82000000000001,
        "R16": 64.34,
        "QF": 41.870000000000005,
        "SF": 25.679999999999996,
        "Final": 14.729999999999999,
        "Champion": 7.960000000000001
    },